{"RuleTriggered": 53, "Violations": 53, "Details": {"algo-2": {"cpu": {"p25": 34.875, "p50": 36.8625, "p75": 39.435, "p95": 73.70949999999999, "upper": 46.275000000000006, "lower": 28.034999999999997}, "gpu0": {"p25": 0.0, "p50": 14.0, "p75": 41.0, "p95": 45.0, "upper": 46.0, "lower": 0.0}, "gpu0_memory": {"p25": 0.0, "p50": 13.0, "p75": 38.0, "p95": 41.0, "upper": 44.0, "lower": 0.0}}, "last_timestamp": 1683578400000000, "algo-1": {"cpu": {"p25": 34.2225, "p50": 36.5025, "p75": 39.254999999999995, "p95": 74.42899999999999, "upper": 46.803749999999994, "lower": 26.67375}, "gpu0": {"p25": 0.0, "p50": 7.0, "p75": 39.0, "p95": 45.0, "upper": 47.0, "lower": 0.0}, "gpu0_memory": {"p25": 0.0, "p50": 5.0, "p75": 36.0, "p95": 40.0, "upper": 44.0, "lower": 0.0}}}, "Datapoints": 4145, "RuleParameters": "cpu_threshold_p95:70\ngpu_threshold_p95:70\ngpu_memory_threshold_p95:70\npatience:1000\nwindow:500"}