{"RuleTriggered": 0, "Violations": 0, "Details": {"pin_memory": false, "num_workers": 0, "cores": 4, "dataloaders": 1, "dataloading_time": {"p25": 0.32619, "p50": 0.359853, "p95": 0.4204464, "probs": [1, 0, 0, 0, 0, 0, 0, 0, 0, 0, 0, 0, 0, 0, 0, 0, 0, 0, 0, 0, 0, 0, 0, 0, 0, 0, 0, 0, 0, 0, 0, 0, 0, 0, 0, 0, 0, 0, 0, 0, 0, 0, 0, 0, 0, 0, 0, 0, 0, 0, 0, 0, 0, 0, 0, 0, 0, 0, 0, 0, 0, 0, 0, 0, 0, 0, 0, 0, 0, 0, 0, 0, 0, 0, 0, 0, 0, 0, 0, 0, 0, 0, 0, 0, 0, 0, 0, 0, 0, 0, 0, 0, 0, 0, 0, 0, 0, 0, 0, 1], "binedges": [0.292527, 0.29387352, 0.29522003999999996, 0.29656656, 0.29791308, 0.29925959999999996, 0.30060612, 0.30195264, 0.30329915999999996, 0.30464568, 0.3059922, 0.30733871999999995, 0.30868523999999997, 0.31003176, 0.31137828, 0.31272479999999997, 0.31407132, 0.31541784, 0.31676435999999997, 0.31811088, 0.3194574, 0.32080391999999996, 0.32215044, 0.32349696, 0.32484347999999996, 0.32619, 0.32753652, 0.32888303999999996, 0.33022956, 0.33157608, 0.33292259999999996, 0.33426912, 0.33561564, 0.33696215999999996, 0.33830868, 0.3396552, 0.34100171999999995, 0.34234823999999997, 0.34369476, 0.34504128, 0.34638779999999997, 0.34773432, 0.34908083999999995, 0.35042735999999997, 0.35177388, 0.3531204, 0.35446691999999996, 0.35581344, 0.35715995999999994, 0.35850647999999996, 0.359853, 0.36119952, 0.36254603999999996, 0.36389256, 0.36523908, 0.36658559999999996, 0.36793212, 0.36927864, 0.37062516, 0.37197167999999997, 0.3733182, 0.37466471999999995, 0.37601123999999997, 0.37735776, 0.37870428, 0.38005079999999997, 0.38139732, 0.38274383999999995, 0.38409035999999996, 0.38543688, 0.3867834, 0.38812991999999996, 0.38947644, 0.39082295999999994, 0.39216947999999996, 0.393516, 0.39486252, 0.39620903999999996, 0.39755556, 0.39890208, 0.40024859999999995, 0.40159511999999997, 0.40294164, 0.40428816, 0.40563467999999997, 0.4069812, 0.40832771999999995, 0.40967423999999997, 0.41102076, 0.41236728, 0.41371379999999996, 0.41506032, 0.41640683999999994, 0.41775335999999996, 0.41909988, 0.4204464, 0.42179291999999996, 0.42313944, 0.42448595999999994, 0.42583247999999996, 0.427179]}}, "Datapoints": 2, "RuleParameters": "min_threshold:70\nmax_threshold:200"}