{"RuleTriggered": 0, "Violations": 107, "Details": {"low_gpu_utilization": 4035, "bottlenecks": {"1683578446.00027": {"GPUs": 1, "CPUs": 4}, "1683578446.500257": {"GPUs": 1, "CPUs": 4}, "1683578447.000249": {"GPUs": 1, "CPUs": 4}, "1683578447.500433": {"GPUs": 1, "CPUs": 4}, "1683578448.000274": {"GPUs": 1, "CPUs": 4}, "1683578448.500302": {"GPUs": 1, "CPUs": 2}, "1683578452.000282": {"GPUs": 1, "CPUs": 1}, "1683578452.500262": {"GPUs": 1, "CPUs": 2}, "1683578453.000285": {"GPUs": 1, "CPUs": 2}, "1683578453.500416": {"GPUs": 1, "CPUs": 2}, "1683578454.00099": {"GPUs": 1, "CPUs": 4}, "1683578454.50026": {"GPUs": 1, "CPUs": 3}, "1683578455.000278": {"GPUs": 1, "CPUs": 4}, "1683578455.500265": {"GPUs": 1, "CPUs": 4}, "1683578456.000293": {"GPUs": 1, "CPUs": 4}, "1683578456.500301": {"GPUs": 1, "CPUs": 4}, "1683578457.000274": {"GPUs": 1, "CPUs": 1}, "1683578457.500306": {"GPUs": 1, "CPUs": 3}, "1683578428.000179": {"GPUs": 1, "CPUs": 1}, "1683578448.000163": {"GPUs": 1, "CPUs": 1}, "1683578448.500185": {"GPUs": 1, "CPUs": 4}, "1683578449.000165": {"GPUs": 1, "CPUs": 4}, "1683578449.500179": {"GPUs": 1, "CPUs": 4}, "1683578450.004192": {"GPUs": 1, "CPUs": 3}, "1683578450.500198": {"GPUs": 1, "CPUs": 2}, "1683578453.000187": {"GPUs": 1, "CPUs": 1}, "1683578455.000946": {"GPUs": 1, "CPUs": 3}, "1683578455.500181": {"GPUs": 1, "CPUs": 4}, "1683578456.000188": {"GPUs": 1, "CPUs": 4}, "1683578456.500177": {"GPUs": 1, "CPUs": 4}, "1683578457.000176": {"GPUs": 1, "CPUs": 4}, "1683578457.500191": {"GPUs": 1, "CPUs": 4}, "1683578458.000163": {"GPUs": 1, "CPUs": 4}, "1683578458.500193": {"GPUs": 1, "CPUs": 4}, "1683578459.000185": {"GPUs": 1, "CPUs": 4}, "1683578459.500164": {"GPUs": 1, "CPUs": 4}, "1683578462.500278": {"GPUs": 1, "CPUs": 2}, "1683578463.000324": {"GPUs": 1, "CPUs": 1}, "1683578464.500262": {"GPUs": 1, "CPUs": 4}, "1683578465.000278": {"GPUs": 1, "CPUs": 4}, "1683578465.500273": {"GPUs": 1, "CPUs": 3}, "1683578466.004287": {"GPUs": 1, "CPUs": 2}, "1683578460.501227": {"GPUs": 1, "CPUs": 1}, "1683578464.50019": {"GPUs": 1, "CPUs": 3}, "1683578465.000161": {"GPUs": 1, "CPUs": 4}, "1683578465.500183": {"GPUs": 1, "CPUs": 4}, "1683578466.000177": {"GPUs": 1, "CPUs": 4}, "1683578466.500171": {"GPUs": 1, "CPUs": 4}, "1683578467.000192": {"GPUs": 1, "CPUs": 4}, "1683578467.500183": {"GPUs": 1, "CPUs": 3}, "1683578468.000593": {"GPUs": 1, "CPUs": 1}, "1683578537.000254": {"GPUs": 1, "CPUs": 1}, "1683578539.500255": {"GPUs": 1, "CPUs": 1}, "1683578533.50018": {"GPUs": 1, "CPUs": 1}, "1683578536.000173": {"GPUs": 1, "CPUs": 1}, "1683578604.500238": {"GPUs": 1, "CPUs": 1}, "1683578663.000281": {"GPUs": 1, "CPUs": 1}, "1683578664.000269": {"GPUs": 1, "CPUs": 1}, "1683578665.000256": {"GPUs": 1, "CPUs": 1}, "1683578665.500259": {"GPUs": 1, "CPUs": 1}, "1683578666.000257": {"GPUs": 1, "CPUs": 1}, "1683578666.500254": {"GPUs": 1, "CPUs": 1}, "1683578667.000267": {"GPUs": 1, "CPUs": 1}, "1683578667.500278": {"GPUs": 1, "CPUs": 1}, "1683578668.500256": {"GPUs": 1, "CPUs": 1}, "1683578669.500278": {"GPUs": 1, "CPUs": 1}, "1683578670.50025": {"GPUs": 1, "CPUs": 1}, "1683578671.500257": {"GPUs": 1, "CPUs": 1}, "1683578672.00028": {"GPUs": 1, "CPUs": 1}, "1683578683.500279": {"GPUs": 1, "CPUs": 1}, "1683578692.500263": {"GPUs": 1, "CPUs": 1}, "1683578693.000265": {"GPUs": 1, "CPUs": 1}, "1683578663.500166": {"GPUs": 1, "CPUs": 1}, "1683578664.000225": {"GPUs": 1, "CPUs": 1}, "1683578665.000163": {"GPUs": 1, "CPUs": 1}, "1683578665.500173": {"GPUs": 1, "CPUs": 1}, "1683578666.000171": {"GPUs": 1, "CPUs": 1}, "1683578667.500171": {"GPUs": 1, "CPUs": 1}, "1683578668.000507": {"GPUs": 1, "CPUs": 1}, "1683578670.500173": {"GPUs": 1, "CPUs": 1}, "1683578672.000175": {"GPUs": 1, "CPUs": 1}, "1683578677.500192": {"GPUs": 1, "CPUs": 1}, "1683578681.000168": {"GPUs": 1, "CPUs": 1}, "1683578681.500167": {"GPUs": 1, "CPUs": 2}, "1683578682.000177": {"GPUs": 1, "CPUs": 1}, "1683578682.50018": {"GPUs": 1, "CPUs": 2}, "1683578683.000231": {"GPUs": 1, "CPUs": 1}, "1683578685.000181": {"GPUs": 1, "CPUs": 1}, "1683578685.500183": {"GPUs": 1, "CPUs": 1}, "1683578686.000167": {"GPUs": 1, "CPUs": 1}, "1683578686.500163": {"GPUs": 1, "CPUs": 1}, "1683578690.502819": {"GPUs": 1, "CPUs": 1}, "1683578691.00018": {"GPUs": 1, "CPUs": 1}, "1683578691.500181": {"GPUs": 1, "CPUs": 1}, "1683578693.00018": {"GPUs": 1, "CPUs": 1}, "1683578693.500183": {"GPUs": 1, "CPUs": 1}, "1683579107.502148": {"GPUs": 1, "CPUs": 1}, "1683579109.000257": {"GPUs": 1, "CPUs": 1}, "1683579307.500266": {"GPUs": 1, "CPUs": 1}, "1683579504.000163": {"GPUs": 1, "CPUs": 1}, "1683579505.500192": {"GPUs": 1, "CPUs": 1}, "1683579506.000156": {"GPUs": 1, "CPUs": 1}, "1683579905.500166": {"GPUs": 1, "CPUs": 1}, "1683580104.500485": {"GPUs": 1, "CPUs": 1}, "1683580105.000181": {"GPUs": 1, "CPUs": 1}, "1683580304.500602": {"GPUs": 1, "CPUs": 1}, "1683580305.000201": {"GPUs": 1, "CPUs": 1}}}, "Datapoints": 8298, "RuleParameters": "threshold:50\nio_threshold:50\ngpu_threshold:10\npatience:1000"}