{"RuleTriggered": 0, "Violations": 0, "Details": {"step_num": {"first": 1683578679331040, "last": 1683580498877917}, "job_start": 1683578427.000159, "job_end": 1683580499.500651}, "Datapoints": 8556, "RuleParameters": "threshold:20"}