{"RuleTriggered": 0, "Violations": 0, "Details": {"ratio": {"gpu_functions-dev:0": 50.119196562543564, "cpu_functions": 49.88080343745643}, "phase": {"Step:ModeKeys.TRAIN": 26.07454678611448, "others": 73.08205680112471, "Step:ModeKeys.EVAL": 0.8433964127608091}, "phase_time": {}, "CPU": {"aten::conv2d": 23.359669057567512, "aten::convolution": 23.336836113921073, "aten::_convolution": 23.334689780163405, "aten::cudnn_convolution": 23.32813533862855, "aten::linear": 3.3204609840347405, "aten::addmm": 3.320208725684736}, "CPU_total": {"aten::conv2d": 16390583, "aten::convolution": 16374562, "aten::_convolution": 16373056, "aten::cudnn_convolution": 16368457, "aten::linear": 2329840, "aten::addmm": 2329663}, "GPU": {"aten::conv2d": 23.365197270167677, "aten::convolution": 23.34369622565993, "aten::_convolution": 23.342427618625223, "aten::cudnn_convolution": 23.336559956333804, "aten::linear": 3.3061829196536814, "aten::addmm": 3.3059360095596775}, "GPU_total": {"aten::conv2d": 16465687, "aten::convolution": 16450535, "aten::_convolution": 16449641, "aten::cudnn_convolution": 16445506, "aten::linear": 2329900, "aten::addmm": 2329726}, "general": {"DataLoaderIterInitialize": 0.0023675200246065214, "DataLoaderIter": 0.23135347818458396, "Forward": 99.76627900179082}}, "Datapoints": 0, "RuleParameters": ""}