{"RuleTriggered": 0, "Violations": 0, "Details": {"step_details": {"algo-1-27": {"step_stats": {"mean": 0.03622497234678625, "max": 13.493799, "p99": 0.034017849999999995, "p95": 0.02803205, "p50": 0.0244675, "min": 0.016951}, "number_of_outliers": 10, "phase": "Step:ModeKeys.TRAIN", "stddev": 0.27, "probs": [4, 2, 1, 0, 0, 2, 4, 3, 5, 148, 78, 34, 31, 22, 137, 1070, 675, 291, 199, 142, 203, 525, 184, 41, 22, 20, 16, 15, 11, 22, 10, 4, 12, 8, 15, 4, 7, 12, 6, 5, 2, 1, 4, 1, 0, 0, 0, 1, 1, 1, 1, 0, 0, 1, 0, 0, 0, 0, 0, 0, 0, 0, 0, 0, 0, 0, 0, 0, 0, 0, 0, 0, 0, 0, 0, 0, 0, 0, 0, 0, 0, 0, 0, 0, 0, 0, 0, 0, 0, 0, 0, 0, 0, 0, 0, 0, 0, 0, 0, 1], "binedges": [0.016951, 0.01740567, 0.017860340000000002, 0.01831501, 0.01876968, 0.01922435, 0.019679020000000002, 0.020133690000000003, 0.02058836, 0.02104303, 0.0214977, 0.02195237, 0.022407040000000003, 0.02286171, 0.02331638, 0.023771050000000002, 0.02422572, 0.02468039, 0.02513506, 0.02558973, 0.026044400000000002, 0.02649907, 0.02695374, 0.02740841, 0.027863080000000002, 0.028317750000000003, 0.02877242, 0.02922709, 0.02968176, 0.03013643, 0.030591100000000003, 0.03104577, 0.031500440000000005, 0.03195511, 0.03240978, 0.03286445, 0.03331912, 0.03377379, 0.03422846, 0.03468313, 0.0351378, 0.03559247, 0.036047140000000005, 0.03650181, 0.03695648, 0.037411150000000004, 0.03786582, 0.03832049, 0.03877516, 0.03922983, 0.0396845, 0.04013917, 0.040593840000000006, 0.041048509999999996, 0.04150318, 0.041957850000000005, 0.04241252, 0.04286719, 0.043321860000000004, 0.04377653, 0.0442312, 0.04468587, 0.04514054, 0.04559521, 0.04604988, 0.046504550000000006, 0.04695922, 0.04741389, 0.047868560000000004, 0.04832323, 0.0487779, 0.04923257, 0.04968724, 0.050141910000000005, 0.05059658, 0.05105125, 0.051505920000000004, 0.05196059, 0.05241526, 0.05286993, 0.0533246, 0.053779270000000004, 0.05423394, 0.05468861, 0.05514328, 0.05559795, 0.056052620000000004, 0.05650729, 0.05696196, 0.05741663, 0.0578713, 0.058325970000000005, 0.05878064, 0.05923531, 0.059689980000000004, 0.06014465, 0.060599320000000005, 0.06105399, 0.06150866, 0.061963330000000004, 0.062418], "step_numbers": ["0", "1", "500", "1000", "1500", "2000", "2500", "3000", "3500", "4000"]}, "algo-2-27": {"step_stats": {"mean": 0.03461598997326203, "max": 13.622621, "p99": 0.03454862000000001, "p95": 0.0272029, "p50": 0.024126, "min": 0.016609}, "number_of_outliers": 10, "phase": "Step:ModeKeys.TRAIN", "stddev": 0.26, "probs": [4, 4, 2, 1, 2, 0, 0, 3, 1, 0, 18, 165, 56, 27, 35, 16, 25, 195, 1291, 618, 291, 233, 191, 159, 297, 491, 121, 31, 15, 20, 20, 10, 4, 8, 7, 3, 5, 6, 14, 7, 6, 9, 7, 5, 10, 7, 4, 3, 6, 2, 0, 2, 3, 2, 0, 2, 3, 2, 0, 1, 2, 1, 1, 1, 0, 0, 0, 0, 0, 0, 0, 1, 0, 1, 0, 0, 0, 0, 0, 0, 0, 0, 0, 0, 0, 0, 0, 0, 0, 0, 0, 0, 0, 0, 0, 0, 0, 0, 0, 1], "binedges": [0.016609, 0.01699477, 0.01738054, 0.01776631, 0.018152079999999998, 0.018537849999999998, 0.01892362, 0.01930939, 0.01969516, 0.02008093, 0.020466699999999997, 0.020852469999999998, 0.02123824, 0.02162401, 0.02200978, 0.02239555, 0.02278132, 0.023167089999999998, 0.02355286, 0.02393863, 0.0243244, 0.024710169999999997, 0.025095939999999997, 0.025481709999999998, 0.025867479999999998, 0.02625325, 0.02663902, 0.02702479, 0.02741056, 0.02779633, 0.0281821, 0.02856787, 0.02895364, 0.02933941, 0.029725179999999997, 0.030110949999999997, 0.030496719999999998, 0.03088249, 0.03126826, 0.03165403, 0.0320398, 0.03242557, 0.032811339999999994, 0.03319711, 0.033582879999999996, 0.03396865, 0.03435442, 0.034740190000000004, 0.03512596, 0.03551173, 0.0358975, 0.03628327, 0.03666904, 0.03705481, 0.03744058, 0.037826349999999995, 0.03821212, 0.038597889999999996, 0.03898366, 0.03936943, 0.039755200000000004, 0.04014097, 0.04052674, 0.04091251, 0.04129828, 0.04168405, 0.04206982, 0.04245559, 0.042841359999999995, 0.04322713, 0.043612899999999996, 0.043998670000000004, 0.04438444, 0.044770210000000005, 0.04515598, 0.04554175, 0.04592752, 0.04631329, 0.04669906, 0.04708483, 0.0474706, 0.047856369999999995, 0.04824214, 0.04862791, 0.04901368, 0.04939945, 0.04978522, 0.05017099, 0.05055676, 0.05094253, 0.0513283, 0.05171407, 0.05209984, 0.05248561, 0.05287138, 0.05325715, 0.05364292, 0.05402869, 0.05441446, 0.05480023, 0.055186], "step_numbers": ["0", "1", "500", "1000", "1500", "2000", "2500", "3000", "3500", "4000"]}}}, "Datapoints": 8556, "RuleParameters": "threshold:3\nmode:None\nn_outliers:10\nstddev:3"}